keyword,frequency
learning,216
deep,122
networks,112
image,107
network,95
3d,79
object,72
detection,69
video,67
visual,62
adversarial,61
segmentation,59
neural,57
estimation,55
recognition,48
semantic,43
pose,41
convolutional,39
generative,35
feature,34
person,33
face,32
reidentification,30
unsupervised,30
attention,30
shape,30
human,29
images,29
action,29
single,27
depth,27
tracking,26
transfer,26
matching,25
videos,25
adaptation,23
reconstruction,22
model,22
generation,22
localization,22
point,22
recurrent,21
domain,21
fast,21
question,21
synthesis,20
motion,20
efficient,20
answering,20
supervised,20
robust,20
facial,19
weakly,19
prediction,19
scene,19
dense,18
data,18
inference,17
towards,17
endtoend,17
classification,16
dynamic,15
sparse,15
models,15
monocular,15
guided,15
context,15
loss,15
superresolution,14
zeroshot,14
largescale,14
based,14
approach,13
representation,13
features,13
analysis,13
stereo,13
modeling,12
understanding,12
representations,12
training,12
structured,12
multiple,12
cloud,12
captioning,12
hand,11
embedding,11
conditional,11
through,11
style,11
geometry,11
joint,11
regression,11
reinforcement,11
scenes,10
flow,10
cnn,10
supervision,10
weaklysupervised,10
light,10
temporal,10
local,10
wild,10
latent,9
fusion,9
selfsupervised,9
spatial,9
retrieval,9
structure,9
instance,9
text,9
knowledge,9
view,9
residual,8
automatic,8
correlation,8
saliency,8
faces,8
crowd,8
global,8
graph,8
geometric,8
multiview,8
discriminative,8
filters,8
framework,8
translation,8
optimization,8
alignment,8
clustering,8
gans,8
camera,8
high,8
convolutions,8
dataset,8
hierarchical,8
aware,7
realtime,7
cameras,7
compression,7
space,7
multiscale,7
hashing,7
map,7
texture,7
without,7
decomposition,7
as,7
at,7
reasoning,7
removal,7
large,7
rgbd,7
information,7
beyond,7
completion,7
quantization,7
deblurring,7
look,7
landmark,7
memory,7
diverse,7
cnns,7
constraints,7
quality,7
salient,7
graphs,7
under,6
pooling,6
variational,6
performance,6
revisiting,6
people,6
predicting,6
parsing,6
denoising,6
improving,6
mining,6
online,6
disentangling,6
kernel,6
field,6
maps,6
2d,6
interactive,6
probabilistic,6
optical,6
manifold,6
gan,6
partial,6
objects,6
multitask,6
intrinsic,6
spatiotemporal,6
frame,6
surface,6
accurate,6
sequence,6
generating,6
multimodal,6
similarity,5
unit,5
me,5
concepts,5
iterative,5
classifier,5
content,5
filter,5
distance,5
enhancement,5
scalable,5
fields,5
architecture,5
360,5
uncertainty,5
pyramid,5
trajectories,5
photo,5
occlusion,5
attacks,5
oneshot,5
clouds,5
maximization,5
counting,5
natural,5
explicit,5
finegrained,5
blind,5
continuous,5
region,5
expression,5
attentive,5
metric,5
geometryaware,5
synthetic,5
referring,5
small,5
nonrigid,5
perspective,5
learned,5
mapping,5
bidirectional,5
wasserstein,5
part,5
pedestrian,5
consistency,5
scale,5
multilevel,5
restoration,5
body,5
jointly,5
photometric,5
adaptive,5
manipulation,5
grounding,5
detector,5
environments,5
subspace,5
density,5
noisy,5
registration,5
consistent,4
refinement,4
effective,4
linear,4
fashion,4
tensor,4
embeddings,4
transformer,4
multistage,4
poses,4
disentangled,4
time,4
inverse,4
perceptual,4
domains,4
optimal,4
group,4
views,4
language,4
inferring,4
net,4
ranking,4
surfaces,4
label,4
propagation,4
pruning,4
crossmodal,4
actions,4
firstperson,4
attentional,4
stochastic,4
activities,4
what,4
method,4
siamese,4
prior,4
detecting,4
descriptors,4
fully,4
progressive,4
set,4
are,4
rgb,4
transformation,4
aggregation,4
sketch,4
seeing,4
deformable,4
globally,4
age,4
detectors,4
rotation,4
fewshot,4
curves,4
indoor,4
identification,4
invariant,4
boundary,4
importance,4
diversity,4
realworld,4
novel,4
dual,4
ordinal,4
reflection,4
dehazing,4
universal,4
calibration,4
augmentation,4
new,3
lowshot,3
active,3
study,3
negative,3
assessment,3
preserving,3
answer,3
nets,3
singleshot,3
driving,3
adapt,3
boosting,3
coding,3
perturbations,3
reconstructing,3
oriented,3
optimized,3
points,3
inpainting,3
best,3
techniques,3
symmetric,3
against,3
manifolds,3
multicamera,3
is,3
rain,3
normalization,3
unified,3
singleimage,3
shadow,3
arbitrary,3
eventbased,3
functions,3
cascaded,3
compositional,3
rolling,3
faster,3
discovering,3
shift,3
contextaware,3
tasks,3
lowrank,3
attribute,3
sample,3
annotation,3
weighted,3
gaussian,3
sensor,3
structures,3
semantics,3
future,3
slam,3
rcnn,3
vision,3
detect,3
pixels,3
color,3
sampling,3
sound,3
stacked,3
gated,3
instancelevel,3
shutter,3
imagetoimage,3
or,3
low,3
pixelwise,3
datasets,3
hybrid,3
you,3
trajectory,3
nonlocal,3
search,3
losses,3
eye,3
summarization,3
deformation,3
imaging,3
generate,3
pairwise,3
generalized,3
finding,3
unconstrained,3
common,3
activity,3
correspondences,3
see,3
improved,3
simple,3
handling,3
forgetting,3
match,3
averaging,3
composition,3
interpolation,3
source,3
aerial,3
priors,3
interpretable,3
problems,3
compact,3
labels,3
morphable,3
dynamics,3
power,3
separation,3
layout,3
extreme,3
benchmark,3
lesion,3
pixel,3
hands,3
interactions,3
interaction,3
unknown,3
spatialtemporal,3
constrained,3
selection,3
intensity,3
distribution,3
higherorder,3
gaze,3
proposal,3
crossdomain,3
architectures,3
identity,3
web,3
unseen,3
exploiting,3
semisupervised,3
regularized,3
convex,3
problem,3
compressive,3
4d,3
limited,2
localized,2
patches,2
direct,2
dialogs,2
lights,2
blur,2
relationships,2
rnns,2
biometric,2
divide,2
highly,2
sliced,2
fullyconvolutional,2
smile,2
transductive,2
recovery,2
oneclass,2
modulation,2
mesh,2
every,2
captions,2
better,2
complex,2
fixation,2
structural,2
grammar,2
higher,2
meets,2
combining,2
gradient,2
size,2
perception,2
free,2
recovering,2
texttoimage,2
benchmarking,2
illposedness,2
rank,2
dilated,2
database,2
tree,2
budget,2
fitting,2
medical,2
random,2
salience,2
do,2
mixture,2
explanations,2
discovery,2
anticipating,2
uncalibrated,2
cycle,2
sentence,2
disparity,2
affinity,2
rnn,2
analyzing,2
embodied,2
multidomain,2
super,2
shared,2
depthbased,2
categorization,2
approximate,2
head,2
evidence,2
when,2
actor,2
pseudo,2
focus,2
layers,2
multilabel,2
autoencoders,2
spectral,2
order,2
multishot,2
box,2
simultaneous,2
navigation,2
duality,2
capturing,2
descriptor,2
can,2
growing,2
making,2
distillation,2
regularization,2
crossview,2
parameter,2
applications,2
statistical,2
cuts,2
webly,2
retinex,2
realistic,2
rethinking,2
unifying,2
thing,2
one,2
exploring,2
that,2
humans,2
openset,2
correction,2
objective,2
mrf,2
kernelized,2
spaces,2
enriched,2
viewpoint,2
across,2
where,2
relative,2
crossdataset,2
between,2
occluded,2
6d,2
lowbit,2
imagebased,2
planar,2
coupled,2
discrepancy,2
document,2
driven,2
monet,2
real,2
traffic,2
world,2
hyperspectral,2
slice,2
egocentric,2
aligning,2
road,2
your,2
geonet,2
affordances,2
robustness,2
resolution,2
all,2
expressions,2
visualinertial,2
very,2
nonlinear,2
contrast,2
nested,2
selective,2
compressed,2
relaxation,2
strong,2
social,2
equivariant,2
more,2
compare,2
phrase,2
algorithms,2
response,2
distortion,2
mixing,2
good,2
labeling,2
transform,2
story,2
probability,2
encoding,2
relationship,2
upsampling,2
toward,2
paths,2
zero,2
recognizing,2
play,2
mobile,2
relation,2
contextual,2
defense,2
complementary,2
dimensional,2
encoderdecoder,2
whos,2
twostep,2
precision,2
modelling,2
gap,2
behavior,2
error,2
baseline,2
task,2
questions,2
spatially,2
alternative,2
convolution,2
cut,2
shortcut,2
relevance,2
shading,2
consensus,2
methods,2
decision,2
novelty,2
causal,2
augmenting,2
constraint,2
dialog,2
statistics,2
line,2
posebased,2
explaining,2
algorithm,2
vehicles,2
tradeoff,2
narrative,2
unet,2
adjustment,2
contours,2
bounding,2
matrices,2
categories,2
multiinstance,2
viewpointaware,2
ransac,2
optimizing,2
visibility,2
challenge,2
control,2
poseguided,2
segmenting,2
videobased,2
biomedical,2
indexing,2
edit,2
multistream,2
measure,2
separating,2
out,2
category,2
matrix,2
sentiment,2
humancentric,2
transferable,2
adversarially,2
scans,2
compensation,2
accuracy,2
class,2
disease,2
watching,2
evolution,2
differential,2
interacting,2
shapes,2
bspline,2
sequences,2
discrimination,2
anomaly,2
controller,2
appearance,2
layer,2
aesthetics,2
lightweight,2
capture,2
parts,2
units,2
mutual,2
sets,2
sensing,2
moments,2
lattice,2
like,2
ring,2
highspeed,2
soft,2
transport,2
noise,2
bundle,2
volume,2
mask,2
deeper,2
regularizing,2
covariance,2
augmented,2
aided,1
hats,1
superpoint,1
marching,1
regularize,1
paris,1
selforganizing,1
teaching,1
updated,1
hough,1
activation,1
im2pano3d,1
reconstructions,1
fullresolution,1
tagging,1
redaction,1
progression,1
compassionately,1
solution,1
foldingnet,1
markov,1
faceidgan,1
street,1
orderpreserving,1
machines,1
trapping,1
kendalls,1
children,1
petri,1
tips,1
hallucinating,1
localisation,1
pursuit,1
granularity,1
path,1
interpret,1
multikernel,1
vaes,1
heteroscedastic,1
fourier,1
decidenet,1
fastforwarding,1
saccade,1
modulated,1
total,1
flop,1
materialaware,1
multicell,1
mrfmap,1
m3,1
humanmachine,1
annotations,1
spatiotemporally,1
relax,1
xunit,1
room,1
transparency,1
root,1
household,1
segmentations,1
aging,1
machine,1
how,1
semanticvisual,1
lowlatency,1
perspective2point,1
nonblind,1
abstraction,1
grobner,1
pieapp,1
undergoing,1
phasenet,1
parallel,1
types,1
w2f,1
epinet,1
sgpn,1
observability,1
first,1
singleview,1
emotion,1
over,1
shufflenet,1
priming,1
discretecontinuous,1
interleaved,1
pix3d,1
versus,1
them,1
combination,1
therapy,1
effects,1
they,1
gvcnn,1
shadows,1
alternately,1
proofreading,1
arrow,1
fitness,1
costsensitive,1
certifiably,1
ganerated,1
gating,1
logo,1
extract,1
array,1
inplace,1
independence,1
standard,1
formation,1
dualstate,1
estimate,1
fots,1
superpixels,1
timelapse,1
longterm,1
ordering,1
contentsensitive,1
potentials,1
hearing,1
relations,1
imageerror,1
basketball,1
lego,1
rates,1
zoomin,1
visionandlanguage,1
dogs,1
urban,1
enhancing,1
thoracic,1
matting,1
target,1
sonet,1
classes,1
hallucination,1
contrasted,1
bridge,1
memoryaugmented,1
dirichletnet,1
talking,1
seed,1
ray,1
strength,1
smooth,1
doublefusion,1
relaxations,1
omnisupervised,1
effectiveness,1
sosrsc,1
residue,1
visualizations,1
catadioptric,1
constancy,1
a2rl,1
dog,1
hamming,1
quantifying,1
unwarping,1
radio,1
lstm,1
poseflow,1
ldan,1
guidance,1
rich,1
structurefrommotion,1
localizing,1
wide,1
db,1
congruent,1
millionscale,1
despite,1
onboard,1
ds,1
singlestage,1
translating,1
harmonized,1
analytical,1
localglobal,1
riemannian,1
ppfnet,1
reference,1
pixellevel,1
narrated,1
implicit,1
score,1
cooperation,1
fivepoint,1
we,1
triplet,1
deflecting,1
weak,1
improve,1
adapting,1
participating,1
semiparametric,1
games,1
voxelnet,1
csgnet,1
cuttingagent,1
tone,1
diversenet,1
imageimage,1
factorize,1
comprehension,1
polynomial,1
250,1
trust,1
signals,1
decoupling,1
basis,1
tiny,1
extraction,1
basic,1
flexible,1
noreference,1
life,1
anchors,1
mobilenetv2,1
facetoface,1
dota,1
immersive,1
densityaware,1
blazingly,1
twoway,1
defending,1
it,1
topologyaware,1
skipping,1
comparative,1
make,1
cumulative,1
dagan,1
degradations,1
splatnet,1
indrnn,1
odometry,1
perceptually,1
threeplayer,1
provable,1
dvqa,1
radiallydistorted,1
maximizing,1
surfconv,1
programs,1
burgers,1
hsarnn,1
just,1
qlearning,1
clustered,1
adding,1
volumetric,1
unique,1
decomposing,1
opencl,1
easy,1
punet,1
intersectionoverunion,1
leftright,1
supervisory,1
articulated,1
multiframe,1
zoom,1
specific,1
detections,1
stylised,1
blockterm,1
warping,1
right,1
deflection,1
superfan,1
asking,1
detailpreserving,1
carte,1
minimization,1
illustration,1
constructive,1
pointnets,1
groupbased,1
intentions,1
distinct,1
im2struct,1
antispoofing,1
rendering,1
balanced,1
sketchaclassifier,1
segmentationaware,1
segment,1
support,1
halle,1
fight,1
clinical,1
infinitedimensional,1
fpga,1
tigers,1
differences,1
manmade,1
reconstructability,1
encoder,1
grassmannian,1
decoder,1
encoded,1
iteratively,1
maximum,1
devices,1
tell,1
emotional,1
iqa,1
accelerate,1
obfuscation,1
rfcn3000,1
textbook,1
distributions,1
no,1
defocus,1
l1l0,1
reality,1
l1norm,1
liteflownet,1
why,1
concurrent,1
faceskull,1
thorax,1
assume,1
allocentric,1
push,1
neighbors,1
concept,1
pairedcyclegan,1
activated,1
snip,1
skin,1
fusing,1
flash,1
recurrency,1
environment,1
connecting,1
smartphone,1
deforming,1
orthogonal,1
rotationnet,1
raynet,1
nonminimal,1
trouble,1
partitions,1
level,1
unscripted,1
div,1
crowdsourced,1
attentionaware,1
findings,1
sign,1
cost,1
incrementally,1
resectionintersection,1
contrastive,1
uniform,1
current,1
sequential,1
template,1
styleaware,1
processing,1
makeup,1
holistic,1
tangent,1
sbnet,1
groupcap,1
teacher,1
vectors,1
exploitation,1
throughput,1
densepose,1
selfsimilarity,1
diffeomorphisms,1
modifying,1
transferrable,1
illumination,1
stereoscopic,1
representing,1
positive,1
hilbert,1
crowdsourcing,1
live,1
criteria,1
diagrams,1
plug,1
epipolar,1
acceptable,1
rigid,1
dermatologist,1
thirdperson,1
states,1
instructional,1
multimodel,1
trackers,1
stgan,1
labeled,1
harmonious,1
streak,1
nearest,1
corrupted,1
predict,1
weighting,1
incremental,1
refine,1
clothing,1
poserobust,1
vital,1
featuresteered,1
product,1
cocktail,1
huge,1
aon,1
spot,1
cbmv,1
predictors,1
roadtracer,1
fluent,1
cascade,1
progressively,1
gesture,1
nonparametric,1
still,1
skeleton,1
duplex,1
depthaware,1
tomnet,1
policy,1
cleannet,1
env,1
scaling,1
pwcnet,1
conquer,1
complementarityaware,1
not,1
now,1
highlevel,1
costadjustable,1
multiobject,1
sketchbased,1
cropping,1
revised,1
languagebased,1
2d3d,1
learnings,1
carfusion,1
looking,1
alignmentfree,1
parallax,1
internet,1
cars,1
reshuffle,1
tienet,1
seednet,1
crossscale,1
gibson,1
transition,1
programming,1
rankbased,1
twostream,1
place,1
panorama,1
jerkaware,1
tessellations,1
symmetry,1
symbolic,1
polygonrnn,1
message,1
millions,1
deexpression,1
squeezeandexcitation,1
asymmetric,1
padding,1
keypoint,1
sketchimage,1
photographic,1
anchored,1
xrays,1
dialogue,1
oatm,1
addressing,1
locations,1
generalization,1
voices,1
codeslam,1
decorrelated,1
hyperparameter,1
editing,1
overcoming,1
compressible,1
amnet,1
channel,1
bottlenecks,1
normal,1
zigzag,1
pair,1
average,1
wing,1
minibatch,1
refining,1
matryoshka,1
shot,1
show,1
multicue,1
multispectral,1
decompositions,1
corner,1
forecast,1
multicontent,1
ground,1
upgrade,1
ratio,1
ensembles,1
visuallygrounded,1
proportion,1
outside,1
timeresolved,1
analytic,1
going,1
normalizations,1
hierarchicallynested,1
net2vec,1
motionappearance,1
resource,1
penguins,1
mxlstm,1
pointfusion,1
burst,1
stargan,1
eliminating,1
inloc,1
lidarvideo,1
enough,1
pixor,1
visiontolanguage,1
deblurgan,1
densely,1
tractable,1
many,1
vislets,1
crossspectral,1
initializationfree,1
berry,1
regressions,1
forecasting,1
filtering,1
autoencoder,1
topdown,1
exploit,1
poseinvariant,1
illuminance,1
caricature,1
submanifold,1
connectomics,1
locally,1
tensors,1
cosine,1
resourceconstrained,1
densenet,1
prototype,1
biresolution,1
direction,1
layoutnet,1
blessing,1
photos,1
optimality,1
hashtag,1
spectrabased,1
multitarget,1
hdr,1
policies,1
margin,1
reflectance,1
parse,1
cosface,1
everyday,1
binary,1
different,1
media,1
docunet,1
intelligently,1
events,1
driver,1
two,1
changing,1
invariance,1
appearanceandrelation,1
bottomup,1
shapetailored,1
customized,1
crossmedia,1
components,1
retrace,1
v2vposenet,1
reward,1
cca,1
bodies,1
outdoor,1
radiometric,1
feedforward,1
segan,1
singlecell,1
parametrization,1
improvement,1
bank,1
samples,1
momentum,1
around,1
dark,1
preference,1
dnns,1
isomers,1
identifying,1
desensitizing,1
output,1
grouping,1
fsrnet,1
tryon,1
fullysupervised,1
supplementary,1
erase,1
fcnbased,1
tube,1
conservative,1
critical,1
denoiser,1
considering,1
nms,1
papiermch,1
cliques,1
selfdriving,1
multiviews,1
crafting,1
ol,1
inversefacenet,1
practical,1
neighbor,1
mixed,1
anothers,1
rectification,1
accumulated,1
attngan,1
radiology,1
removing,1
strict,1
cauchy,1
lions,1
congested,1
shapeconsistency,1
coattention,1
complete,1
mict,1
promote,1
longer,1
supervoxels,1
applying,1
embedded,1
rotationinvariant,1
exemplar,1
pruningquantization,1
renderandcompare,1
cinema,1
general,1
unitnorm,1
reliability,1
clusternet,1
fill,1
multievidence,1
deepvoting,1
multiclass,1
introspection,1
liftingfree,1
collaborative,1
anatomical,1
bounded,1
peak,1
building,1
bilateral,1
tricks,1
curve,1
geolocalization,1
represent,1
minentropy,1
pointing,1
faceletbank,1
demo2vec,1
decisions,1
tags2parts,1
glimpse,1
convnet,1
hunting,1
highquality,1
preserved,1
norm,1
attribution,1
translations,1
interpreting,1
bottleneck,1
mapnet,1
retargeting,1
neighborhood,1
andor,1
selfexpression,1
subpixel,1
past,1
rate,1
design,1
bilinear,1
cues,1
deeply,1
meanvariance,1
attributeidentity,1
learner,1
activations,1
hash,1
tags,1
modular,1
generalizing,1
inspired,1
csrnet,1
voxels,1
batchnorm,1
quotient,1
technique,1
imagine,1
learningcompression,1
texts,1
probabilities,1
vizwiz,1
magnification,1
aperture,1
detectandtrack,1
highorder,1
directionaware,1
controlling,1
varying,1
known,1
semanticspreserving,1
nondifferentiable,1
organization,1
taskonomy,1
categorizing,1
learn,1
graphcut,1
history,1
groundtoaerial,1
scan,1
occlusions,1
unbiased,1
landmarkguided,1
physicalworld,1
species,1
clcnet,1
ava,1
snippet,1
lowlevel,1
ensemble,1
framerecurrent,1
plant,1
variant,1
panoramic,1
plane,1
lighting,1
inaturalist,1
imagery,1
extrapolation,1
fundamental,1
inline,1
reweighted,1
bracketed,1
thermal,1
kinetic,1
surveillance,1
megadepth,1
its,1
reranking,1
controllable,1
multiagent,1
solving,1
stereopsis,1
microscopic,1
reciprocating,1
soccer,1
memorability,1
socially,1
oxford,1
detach,1
instructions,1
blockwise,1
privileged,1
radial,1
gagan,1
skeletonbased,1
disentanglement,1
mesoscopic,1
hard,1
fastforward,1
event,1
kroneckerproduct,1
pointnet,1
learners,1
induced,1
evaluation,1
attentions,1
belief,1
intrinsics,1
compositing,1
difficulty,1
base,1
clique,1
pairs,1
sgan,1
textimage,1
multiperson,1
caption,1
textspotter,1
dont,1
linking,1
kippi,1
solvers,1
feedbackprop,1
perceptiondistortion,1
interact,1
assumption,1
tighter,1
pipelines,1
arbitrarilyoriented,1
imprinted,1
ssnet,1
wireframes,1
diffusion,1
virtualhome,1
empirical,1
optimisable,1
spatiallyadaptive,1
morphnet,1
bitwise,1
dendritic,1
conjugate,1
photorealistic,1
semstyle,1
internal,1
extrapolating,1
throughwall,1
significant,1
performances,1
clear,1
unreasonable,1
nestednet,1
weigh,1
losserroraware,1
font,1
find,1
stepwise,1
polygonal,1
betweenclass,1
simulating,1
parameters,1
distributed,1
multiface,1
factor,1
connections,1
condensenet,1
capsule,1
multisource,1
compass,1
mrfs,1
continuum,1
highresolution,1
underlying,1
crf,1
referenceguided,1
deepmvs,1
shapedependent,1
art,1
storybased,1
humanobject,1
portrait,1
vins,1
graphbased,1
factorisation,1
conditions,1
leveraging,1
seeded,1
popup,1
creating,1
unaligned,1
incident,1
pointgrid,1
invisible,1
both,1
cubes,1
curated,1
perturbative,1
bpgrad,1
spotting,1
structureadaptive,1
kernels,1
budgeted,1
moviegraphs,1
tensorize,1
flight,1
dropout,1
determination,1
instructor,1
patchmatch,1
solid,1
expanded,1
batch,1
3d2d,1
guide,1
loop,1
enriching,1
groupview,1
decoration,1
neurons,1
lowresolution,1
twofold,1
cartoongan,1
grand,1
honeybee,1
istanet,1
unlabeled,1
assignment,1
scancomplete,1
syq,1
slomo,1
focal,1
planenet,1
surrogate,1
edge,1
grid,1
parametric,1
distances,1
3drcnn,1
competitive,1
snippetsimilarity,1
atomic,1
distortandrecover,1
rotationsensitive,1
imagelevel,1
chest,1
cotracking,1
locationaware,1
lowbitwidth,1
input,1
im2flow,1
megdet,1
multiimage,1
evaluate,1
game,1
sketchmate,1
bit,1
semi,1
signal,1
explainable,1
pointwise,1
mathematical,1
back,1
examples,1
sight,1
wildtrack,1
gradually,1
describing,1
distributable,1
integration,1
uvgan,1
minimal,1
mocogan,1
bottomtopbottom,1
viewpoints,1
categorylevel,1
backprop,1
optimize,1
pipeline,1
beans,1
pointnetvlad,1
into,1
within,1
neuralnetworkviterbi,1
frames,1
sports,1
scenarios,1
classical,1
comemory,1
extremely,1
coattentive,1
spad,1
forward,1
trainable,1
ffnet,1
vlogs,1
properly,1
link,1
partitioning,1
uv,1
clipq,1
nonconvex,1
pldnn,1
similar,1
30fps,1
motionguided,1
parser,1
superevents,1
hashgan,1
selfcalibrating,1
tomography,1
curl,1
codes,1
nag,1
application,1
denseaspp,1
potion,1
excitation,1
boundaryaware,1
linearization,1
fisher,1
aggregated,1
sim2real,1
independently,1
delineation,1
reasoned,1
pedestrians,1
weights,1
cvmnet,1
once,1
code,1
referenceaware,1
illuminant,1
rigidity,1
classificationdriven,1
factoring,1
stable,1
nongreedy,1
posesensitive,1
multitasks,1
unstructured,1
repulsion,1
scaleaware,1
hive,1
tripletcenter,1
demonstrations,1
6dof,1
mattnet,1
speckle,1
assisted,1
graphbit,1
delving,1
priorless,1
admm,1
occlusionaware,1
sint,1
singlepass,1
let,1
optimizationinspired,1
timememoryefficient,1
situations,1
makes,1
scales,1
private,1
resolutions,1
lime,1
quadrics,1
seamless,1
few,1
vehicle,1
identitypreserved,1
transient,1
normalized,1
baby,1
toolchain,1
fooling,1
integrating,1
this,1
averaged,1
domainspecific,1
thin,1
closing,1
scatter,1
decoupled,1
inparallel,1
decorrelation,1
process,1
effectively,1
pulling,1
mix,1
lovszsoftmax,1
regions,1
shapecontextnet,1
lamv,1
intelligent,1
cocostuff,1
frustum,1
attend,1
singular,1
act,1
collection,1
scaletime,1
visualtext,1
spatialaware,1
lines,1
robot,1
textualvisual,1
furious,1
temporallyaware,1
crosspopulation,1
underwater,1
longitudinal,1
la,1
hallucinatediqa,1
estimating,1
clusters,1
2017,1
crowds,1
descriptive,1
auto,1
material,1
functional,1
transparent,1
worlds,1
hydranets,1
circular,1
inverted,1
frequency,1
static,1
blocks,1
patch,1
downsampling,1
spline,1
feastnet,1
motifs,1
integrated,1
achievements,1
steering,1
steerable,1
conversation,1
superresolving,1
introspective,1
improvements,1
occurrences,1
synthesizing,1
observer,1
privacy,1
bears,1
histograms,1
system,1
their,1
intermediate,1
wrapped,1
egomotion,1
multioriented,1
domaindissimilarity,1
reproduction,1
padnet,1
behaviors,1
hz,1
crrn,1
coalesced,1
sinogram,1
retargetting,1
sobolevfusion,1
have,1
clearly,1
acceleration,1
angle,1
mappings,1
dishes,1
mechanism,1
incorporating,1
raindrop,1
who,1
imagenet,1
sfm,1
connected,1
posetrack,1
flyingcamera,1
transitivity,1
motionblurred,1
talk,1
purely,1
planning,1
integerarithmeticonly,1
principal,1
textual,1
bases,1
photographs,1
cube,1
4dfab,1
photography,1
cartoonization,1
maskguided,1
ones,1
backprojection,1
words,1
scalerecurrent,1
cooccurrence,1
organ,1
scaletransferrable,1
stuff,1
queries,1
nisp,1
grad,1
enhancer,1
catastrophic,1
shake,1
terrain,1
module,1
geometrically,1
zeropair,1
contentweighted,1
closer,1
nuclear,1
missing,1
identitypreserving,1
xray,1
routing,1
tieaware,1
efficiency,1
ivqa,1
vanishing,1
voxeltovoxel,1
streams,1
attributes,1
passing,1
relational,1
walk,1
ct,1
blockdrop,1
kinematic,1
piecewise,1
montecarlo,1
recognize,1
topology,1
inlier,1
splinecnn,1
atlanta,1
repetition,1
typeagnostic,1
laser,1
align,1
will,1
adadepth,1
texturegan,1
unpaired,1
robustifying,1
wardrobes,1
neuron,1
present,1
landmarks,1
neumatch,1
cross,1
dimensionalitys,1
deraining,1
avatarnet,1
iou,1
reporting,1
subitizing,1
bootstrapping,1
timeofflight,1
patterns,1
residuals,1
audio,1
less,1
lossy,1
predicts,1
dynamicstructured,1
localize,1
skill,1
viton,1
grow,1
smart,1
minimalist,1
cnnbased,1
tracklets,1
variants,1
interpretability,1
prominent,1
diffeomorphic,1
accelerating,1
dels3d,1
lose,1
agents,1
backgroundbias,1
sfsnet,1
alive,1
lean,1
masked,1
predictionanddistillation,1
iceba,1
picanet,1
imaginary,1
adversary,1
about,1
lifestyle,1
dependence,1
dependency,1
groupshuffling,1
reproducing,1
bridging,1
sumofsquares,1
square,1
renderer,1
supervisionbyregistration,1
specialized,1
utility,1
polarising,1
synthesized,1
artifacts,1
justifying,1
smoothing,1
quadratic,1
inner,1
discriminability,1
polarimetric,1
sketchygan,1
function,1
multigrid,1
ldmnet,1
histogram,1
convnets,1
goals,1
convergence,1
packnet,1
hd,1
partially,1
made,1
variations,1
meta,1
multisequence,1
display,1
memoryoptimized,1
servoing,1
pid,1
flipdial,1
tabletop,1
autism,1
alternatingstereo,1
forests,1
virtual,1
scenelevel,1
branch,1
volumes,1
variation,1
auxiliary,1
factors,1
coherent,1
masklab,1
diagnosis,1
understand,1
accidents,1
